word,status,sbert_tokenization,llama_tokenization,4o-mini_word
(all,Present,"(,all",(all,
(candidate),OOV,"(,candidate,)","(candidate,)",
(economy),OOV,"(,economy,)","(e,conomy,)",
(for,Present,"(,for",(for,
(luxury),OOV,"(,luxury,)","(l,ux,ury,)",
(outside,OOV,"(,outside","(out,side",
(premium),OOV,"(,premium,)","(p,remium,)",
(within,OOV,"(,within","(with,in",
14000,OOV,"1400,##0","140,00",
a+,OOV,"a,+","a,+",
a3,OOV,"a,##3","a,3",
a4,OOV,"a,##4","a,4",
aari,OOV,"aa,##ri","a,ari",
abdominoplasty,OOV,"abd,##omi,##no,##pl,##ast,##y","ab,dom,in,oplast,y",abdominoplasty
abhyanga,OOV,"ab,##hya,##nga","ab,hy,anga",abhyanga
acidity,OOV,"acid,##ity","ac,idity",acidity
acne,OOV,"ac,##ne","ac,ne",acne
acrylic,OOV,"ac,##ryl,##ic","ac,rylic",acrylic
acupressure,OOV,"ac,##up,##ress,##ure","ac,up,ress,ure",acupressure
acupuncture,OOV,"ac,##up,##un,##cture","ac,upuncture",acupuncture
acupuncturist,OOV,"ac,##up,##un,##ct,##uri,##st","ac,up,unct,ur,ist",acupuncturist
adenoids,OOV,"aden,##oids","aden,oids",adenoids
aerobic,OOV,"aero,##bic","a,er,obic",aerobic
aftercare,OOV,"after,##care","after,care",aftercare
ageing,OOV,"age,##ing","age,ing",ageing
agencies-deccan,OOV,"agencies,-,decca,##n","ag,encies,-de,cc,an",deccan
agents-bajaj,OOV,"agents,-,baja,##j","agents,-b,aj,aj",bajaj
agents-icici,OOV,"agents,-,ic,##ici","agents,-,ic,ici",icici
agents-star,OOV,"agents,-,star","agents,-star",
airbrush,OOV,"air,##brush","air,brush",airbrush
alchemy,Present,"al,##che,##my",alchemy,alchemy
allergy,OOV,"all,##ergy","all,ergy",allergy
allianz,OOV,"all,##ian,##z","all,ian,z",allianz
allopathic,OOV,"all,##opa,##thic","allo,path,ic",allopathic
aloe,OOV,"al,##oe","al,oe",aloe
aloevera,OOV,"al,##oe,##vera","alo,ever,a",aloevera
alopecia,OOV,"al,##ope,##cia","alo,pecia",alopecia
amla,OOV,"am,##la","am,la",amla
amritsar,OOV,"am,##rit,##sar","am,rit,sar",amritsar
anagen,OOV,"ana,##gen","an,agen",anagen
anarkali,OOV,"ana,##rka,##li","an,ark,ali",anarkali
anchoring,OOV,"anchor,##ing","anch,oring",anchoring
antifungal,OOV,"anti,##fu,##nga,##l","ant,if,ungal",antifungal
appliance,OOV,"app,##lian,##ce","ap,pliance",appliance
argan,OOV,"ar,##gan","arg,an",argan
aromatherapy,OOV,"aroma,##therapy","ar,om,ather,apy",
ashiatsu,OOV,"ash,##ia,##tsu","ashi,atsu",ashiatsu
ashtanga,OOV,"ash,##tang,##a","as,ht,anga",ashtanga
asthetics,OOV,"as,##the,##tics","ast,hetics",asthetics
astringent,OOV,"as,##tri,##ngen,##t","a,string,ent",astringent
augmentation,OOV,"aug,##ment,##ation","aug,mentation",augmentation
aveda,OOV,"ave,##da","aved,a",aveda
ayurveda,OOV,"a,##yu,##r,##veda","ay,urved,a",ayurveda
ayurvedic,OOV,"a,##yu,##r,##ved,##ic","ay,urved,ic",ayurvedic
ayush,OOV,"a,##yu,##sh","ay,ush",ayush
babyshower,OOV,"baby,##sho,##wer","baby,sh,ower",shower
bachelorette,OOV,"bachelor,##ette","b,achel,oret,te",bachelorette
balayage,OOV,"bala,##ya,##ge","bal,ay,age",balayage
baldness,OOV,"bald,##ness","b,ald,ness",baldness
balinese,OOV,"bali,##nese","bal,inese",balinese
ballpoint,OOV,"ball,##point","ball,point",ballpoint
balm,OOV,"bal,##m","b,alm",balm
bangle,OOV,"bang,##le","b,angle",bangle
barbering,OOV,"barber,##ing","bar,ber,ing",barbering
barbers,OOV,"barber,##s","bar,bers",barbers
bariatric,OOV,"bari,##at,##ric","bar,iatric",bariatric
bca,OOV,"bc,##a","b,ca",
bead,OOV,"bea,##d","be,ad",bead
beaded,OOV,"bea,##ded","be,aded",beaded
beautician,OOV,"beau,##tic,##ian","be,aut,ician",beautician
beauticians,OOV,"beau,##tic,##ians","be,aut,icians",beauticians
belleza,OOV,"belle,##za","b,elle,za",belleza
bhajan,OOV,"b,##ha,##jan","bh,ajan",bhajan
bhangra,OOV,"b,##hang,##ra","b,hang,ra",bhangra
bharatanatyam,OOV,"b,##harat,##ana,##tya,##m","b,har,atan,aty,am",bharatanatyam
bhopal,OOV,"b,##hop,##al","b,hop,al",bhopal
bhubaneshwar,OOV,"b,##hu,##bane,##sh,##war","b,hub,an,esh,war",bhubaneshwar
biguine,OOV,"big,##uin,##e","big,u,ine",biguine
bilaspur,OOV,"bi,##las,##pur","bil,asp,ur",bilaspur
biopsy,OOV,"bio,##psy","bi,opsy",biopsy
biryani,OOV,"bi,##rya,##ni","b,iry,ani",biryani
blackboard,OOV,"black,##board","black,board",
blackhead,OOV,"black,##head","black,head",blackhead
bleach,OOV,"b,##lea,##ch","ble,ach",bleach
bleaching,OOV,"b,##lea,##ching","ble,aching",bleaching
blemishing,OOV,"b,##lem,##ishing","blem,ishing",blemishing
blowdry,OOV,"blow,##dry","bl,ow,dry",blowdry
blusher,OOV,"blush,##er","bl,usher",blusher
bookmark,Present,"book,##mark",bookmark,bookmark
bopp,OOV,"bop,##p","b,opp",bopp
boreh,OOV,"bore,##h","b,ore,h",boreh
botox,OOV,"bot,##ox","b,oto,x",botox
bouncer,OOV,"bounce,##r","b,ouncer",bouncer
boutiques,OOV,"boutique,##s","bout,iques",boutiques
bpo,OOV,"bp,##o","b,po",bpo
braiding,OOV,"braid,##ing","bra,iding",braiding
bridal,OOV,"br,##idal","brid,al",bridal
brightening,OOV,"bright,##ening","bright,ening",brightening
buttock,OOV,"butt,##ock","but,to,ck",buttock
c++,OOV,"c,+,+","c,++",c++
callus,OOV,"call,##us","call,us",callus
candid,OOV,"candi,##d","c,andid",candid
caramel,OOV,"cara,##mel","c,aramel",caramel
carat,OOV,"cara,##t","car,at",carat
cartilage,OOV,"cart,##ila,##ge","cart,ilage",cartilage
carton,OOV,"cart,##on","cart,on",carton
catchers,OOV,"catcher,##s","catch,ers",catchers
caterers,OOV,"cater,##ers","c,ater,ers",caterers
catridge,OOV,"cat,##ridge","cat,ridge",catridge
cautery,OOV,"ca,##uter,##y","ca,ut,ery",cautery
caviar,OOV,"ca,##via,##r","c,avi,ar",caviar
cbse,OOV,"cbs,##e","cb,se",cbse
ccc,Present,"cc,##c",ccc,
ccna,OOV,"cc,##na","cc,na",
cellulite,OOV,"cell,##uli,##te","cell,ul,ite",cellulite
chakra,OOV,"cha,##kra","ch,akra",chakra
chandigarh,OOV,"chan,##di,##garh","ch,and,igar,h",chandigarh
chaniya,OOV,"chan,##iya","ch,ani,ya",chaniya
channel-news,OOV,"channel,-,news","channel,-news",
chapra,OOV,"cha,##pr,##a","chap,ra",chapra
charisma,OOV,"char,##ism,##a","char,isma",charisma
chattar,OOV,"chat,##tar","ch,att,ar",chattar
chemists,OOV,"chemist,##s","chem,ists",chemists
chhattisgarh,OOV,"ch,##hat,##tis,##garh","ch,hatt,is,gar,h",chhattisgarh
chignon,OOV,"chi,##gnon","ch,ignon",chignon
choker,OOV,"choke,##r","ch,oker",choker
choli,OOV,"cho,##li","ch,oli",choli
choreographers,OOV,"choreographer,##s","ch,ore,ographers",choreographers
churna,OOV,"chu,##rna","ch,urn,a",churna
cibtac,OOV,"ci,##bt,##ac","c,ibt,ac",cibtac
cider,OOV,"cid,##er","c,ider",cider
cidesco,OOV,"cid,##es,##co","c,ides,co",cidesco
cinematographers,OOV,"cinematographer,##s","cin,emat,ographers",cinematographers
city),OOV,"city,)","city,)",
cleanse,OOV,"clean,##se","clean,se",cleanse
cleanser,OOV,"clean,##ser","cle,ans,er",cleanser
clipboard,Present,"clip,##board",clipboard,clipboard
cne,OOV,"cn,##e","c,ne",cne
co2,OOV,"co,##2","co,2",co2
coagulant,OOV,"coa,##gul,##ant","co,ag,ulant",coagulant
coimbatore,OOV,"co,##im,##bat,##ore","co,im,bat,ore",coimbatore
collagen,OOV,"col,##lage,##n","coll,agen",collagen
colouring,OOV,"colour,##ing","colour,ing",colouring
computerised,OOV,"computer,##ised","computer,ised",computerised
concealer,OOV,"conceal,##er","con,ce,aler",concealer
conditioner,OOV,"condition,##er","condition,er",conditioner
confectionery,OOV,"con,##fect,##ion,##ery","con,fection,ery",confectionery
conferencing,OOV,"con,##fer,##en,##cing","con,fer,encing",conferencing
constipation,OOV,"con,##sti,##pati,##on","const,ipation",constipation
contour,OOV,"con,##tour","cont,our",contour
contouring,OOV,"con,##tour,##ing","cont,our,ing",contouring
cookery,OOV,"cooke,##ry","cook,ery",cookery
corp.,OOV,"corp,.","corp,.",
cosmetologist,OOV,"co,##sm,##eto,##logist","cos,met,ologist",cosmetologist
cosmetology,OOV,"co,##sm,##eto,##logy","cos,met,ology",cosmetology
crayon,OOV,"cr,##ayo,##n","cr,ay,on",crayon
crepe,OOV,"cr,##ep,##e","cre,pe",crepe
crimping,OOV,"cr,##im,##ping","cr,imp,ing",crimping
cristalceutic,OOV,"cr,##ista,##lce,##uti,##c","c,rist,al,ce,ut,ic",cristalceutic
crockery,OOV,"cr,##ock,##ery","c,rock,ery",crockery
crossfit,OOV,"cross,##fi,##t","cross,fit",crossfit
cryolipolysis,OOV,"cry,##oli,##pol,##ysis","cry,ol,ip,ol,ysis",cryolipolysis
curler,OOV,"curl,##er","curl,er",curler
customised,OOV,"custom,##ised","custom,ised",customised
cuticle,OOV,"cut,##icle","cut,icle",cuticle
cwna,OOV,"cw,##na","c,wn,a",
cysteine,OOV,"cy,##stein,##e","c,yst,e,ine",cysteine
daan,OOV,"da,##an","da,an",daan
dandruff,OOV,"dan,##dr,##uf,##f","d,andr,uff",dandruff
dealers-4beauty,OOV,"dealers,-,4,##beau,##ty","deal,ers,-,4,be,auty",
dealers-abeers,OOV,"dealers,-,abe,##ers","deal,ers,-,abe,ers",abeers
dealers-afrin,OOV,"dealers,-,af,##rin","deal,ers,-a,fr,in",afrin
dealers-alcos,OOV,"dealers,-,al,##cos","deal,ers,-al,cos",alcos
dealers-alimco,OOV,"dealers,-,ali,##mc,##o","deal,ers,-al,im,co",alimco
dealers-allure,OOV,"dealers,-,all,##ure","deal,ers,-all,ure",allure
dealers-alpaks,OOV,"dealers,-,al,##pa,##ks","deal,ers,-al,p,aks",alpaks
dealers-amina,OOV,"dealers,-,amin,##a","deal,ers,-am,ina",amina
dealers-amrutam,OOV,"dealers,-,am,##rut,##am","deal,ers,-am,rut,am",amrutam
dealers-amway,OOV,"dealers,-,am,##way","deal,ers,-am,way",amway
dealers-ancient,OOV,"dealers,-,ancient","deal,ers,-,anc,ient",
dealers-anupam,OOV,"dealers,-,an,##up,##am","deal,ers,-an,up,am",anupam
dealers-arctic,OOV,"dealers,-,arctic","deal,ers,-ar,ctic",dealers-arctic
dealers-aroma,OOV,"dealers,-,aroma","deal,ers,-ar,oma",dealers-aroma
dealers-arrdev,OOV,"dealers,-,ar,##rde,##v","deal,ers,-,arr,dev",arrdev
dealers-artistry,OOV,"dealers,-,artist,##ry","deal,ers,-art,istry",artistry
dealers-asclepius,OOV,"dealers,-,as,##cle,##pi,##us","deal,ers,-,asc,le,pi,us",asclepius
dealers-aswini,OOV,"dealers,-,as,##win,##i","deal,ers,-as,w,ini",aswini
dealers-avon,OOV,"dealers,-,avon","deal,ers,-,av,on",
dealers-ayu,OOV,"dealers,-,a,##yu","deal,ers,-,ay,u",ayu
dealers-ayur,OOV,"dealers,-,a,##yu,##r","deal,ers,-,ay,ur",ayur
dealers-babor,OOV,"dealers,-,ba,##bor","deal,ers,-b,abor",babor
dealers-balmain,OOV,"dealers,-,bal,##main","deal,ers,-bal,main",balmain
dealers-banjara's,OOV,"dealers,-,ban,##jar,##a,',s","deal,ers,-b,anj,ara,'s",banjara's
dealers-bblunt,OOV,"dealers,-,bb,##lun,##t","deal,ers,-b,bl,unt",bblunt
dealers-beardo,OOV,"dealers,-,beard,##o","deal,ers,-be,ardo",beardo
dealers-berina,OOV,"dealers,-,be,##rina","deal,ers,-,ber,ina",berina
dealers-biotique,OOV,"dealers,-,bio,##tique","deal,ers,-b,iot,ique",biotique
dealers-birla,OOV,"dealers,-,bi,##rl,##a","deal,ers,-b,irl,a",birla
dealers-black+decker,OOV,"dealers,-,black,+,decker","deal,ers,-black,+,de,cker",dealers-black+decker
dealers-bpl,OOV,"dealers,-,bp,##l","deal,ers,-b,pl",bpl
dealers-breathe,OOV,"dealers,-,breathe","deal,ers,-b,reat,he",breathe
dealers-butterfly,OOV,"dealers,-,butterfly","deal,ers,-b,utter,fly",butterfly
dealers-cheryl's,OOV,"dealers,-,cheryl,',s","deal,ers,-ch,eryl,'s",cheryl's
dealers-cheryls,OOV,"dealers,-,cheryl,##s","deal,ers,-ch,ery,ls",cheryls
dealers-claires,OOV,"dealers,-,claire,##s","deal,ers,-cl,aires",claires
dealers-colorbar,OOV,"dealers,-,color,##bar","deal,ers,-color,bar",colorbar
dealers-cosmo,OOV,"dealers,-,co,##smo","deal,ers,-c,os,mo",cosmo
dealers-crompton,OOV,"dealers,-,cr,##omp,##ton","deal,ers,-c,rompt,on",crompton
dealers-deemark,OOV,"dealers,-,dee,##mark","deal,ers,-de,emark",deemark
dealers-divine,OOV,"dealers,-,divine","deal,ers,-div,ine",
dealers-divo,OOV,"dealers,-,di,##vo","deal,ers,-div,o",divo
dealers-dove,OOV,"dealers,-,dove","deal,ers,-d,ove",
dealers-dyson,OOV,"dealers,-,d,##yson","deal,ers,-d,y,son",dyson
dealers-elder,OOV,"dealers,-,elder","deal,ers,-,elder",
dealers-emami,OOV,"dealers,-,em,##ami","deal,ers,-em,ami",emami
dealers-eyetex,OOV,"dealers,-,eye,##te,##x","deal,ers,-,ey,et,ex",eyetex
dealers-faces,OOV,"dealers,-,faces","deal,ers,-f,aces",
dealers-falcon,OOV,"dealers,-,falcon","deal,ers,-f,alcon",
dealers-fancy,OOV,"dealers,-,fancy","deal,ers,-f,ancy",
dealers-forbes,OOV,"dealers,-,forbes","deal,ers,-for,bes",
dealers-forever,OOV,"dealers,-,forever","deal,ers,-,fore,ver",
dealers-frika,OOV,"dealers,-,fr,##ika","deal,ers,-f,rika",frika
dealers-fusion,OOV,"dealers,-,fusion","deal,ers,-f,usion",
dealers-gamecraft,OOV,"dealers,-,game,##craft","deal,ers,-game,craft",gamecraft
dealers-geetanjali,OOV,"dealers,-,gee,##tan,##jali","deal,ers,-,ge,et,anj,ali",geetanjali
dealers-gk,OOV,"dealers,-,g,##k","deal,ers,-g,k",gk
dealers-glint,OOV,"dealers,-,glint","deal,ers,-g,lint",
dealers-godrej,OOV,"dealers,-,god,##re,##j","deal,ers,-g,od,rej",godrej
dealers-hair,OOV,"dealers,-,hair","deal,ers,-h,air",
dealers-hamdard,OOV,"dealers,-,ham,##dar,##d","deal,ers,-h,amd,ard",hamdard
dealers-herbalife,OOV,"dealers,-,herbal,##ife","deal,ers,-,her,bal,ife",herbalife
dealers-hicks,OOV,"dealers,-,hicks","deal,ers,-h,icks",hicks
dealers-himalaya,OOV,"dealers,-,him,##ala,##ya","deal,ers,-h,imal,aya",himalaya
dealers-hudabeauty,OOV,"dealers,-,hu,##da,##beau,##ty","deal,ers,-h,ud,abe,auty",
dealers-if,OOV,"dealers,-,if","deal,ers,-if",
dealers-inglot,OOV,"dealers,-,ing,##lot","deal,ers,-ing,lot",inglot
dealers-jiva,OOV,"dealers,-,ji,##va","deal,ers,-j,iva",
dealers-johnson,OOV,"dealers,-,johnson","deal,ers,-j,ohn,son",
dealers-joker,OOV,"dealers,-,joker","deal,ers,-j,oker",
dealers-kailash,OOV,"dealers,-,kai,##lash","deal,ers,-k,ail,ash",
dealers-kama,OOV,"dealers,-,kam,##a","deal,ers,-k,ama",kama
dealers-kaya,OOV,"dealers,-,kay,##a","deal,ers,-k,aya",
dealers-kelvinator,OOV,"dealers,-,kelvin,##ator","deal,ers,-k,el,vin,ator",kelvinator
dealers-kenstar,OOV,"dealers,-,ken,##star","deal,ers,-,ken,star",kenstar
dealers-kenwood,OOV,"dealers,-,ken,##wood","deal,ers,-,ken,wood",kenwood
dealers-kerastase,OOV,"dealers,-,ke,##ras,##tase","deal,ers,-,ker,ast,ase",kerastase
dealers-khadi,OOV,"dealers,-,k,##had,##i","deal,ers,-k,h,adi",khadi
dealers-kryolan,OOV,"dealers,-,k,##ry,##ola,##n","deal,ers,-k,ry,olan",kryolan
dealers-l'oreal,OOV,"dealers,-,l,',ore,##al","deal,ers,-l,',oreal",l'oreal
dealers-la'decus,OOV,"dealers,-,la,',dec,##us","deal,ers,-la,'d,ec,us",la'decus
dealers-lakme,OOV,"dealers,-,la,##km,##e","deal,ers,-l,ak,me",lakme
dealers-lee's,OOV,"dealers,-,lee,',s","deal,ers,-,lee,'s",lee's
dealers-loreal,OOV,"dealers,-,lore,##al","deal,ers,-lo,real",loreal
dealers-lotus,OOV,"dealers,-,lotus","deal,ers,-l,ot,us",
dealers-lush,OOV,"dealers,-,lush","deal,ers,-l,ush",
dealers-mac,OOV,"dealers,-,mac","deal,ers,-m,ac",
dealers-majik,OOV,"dealers,-,maj,##ik","deal,ers,-m,aj,ik",
dealers-make,OOV,"dealers,-,make","deal,ers,-make",
dealers-makeup,OOV,"dealers,-,makeup","deal,ers,-m,akeup",
dealers-manic,OOV,"dealers,-,mani,##c","deal,ers,-man,ic",
dealers-mannu's,OOV,"dealers,-,mann,##u,',s","deal,ers,-m,ann,u,'s",
dealers-mansa,OOV,"dealers,-,mans,##a","deal,ers,-m,ansa",
dealers-matrix,OOV,"dealers,-,matrix","deal,ers,-m,atrix",
dealers-maybelline,OOV,"dealers,-,maybe,##llin,##e","deal,ers,-m,ay,bell,ine",
dealers-meghdoot,OOV,"dealers,-,meg,##hd,##oot","deal,ers,-m,eg,hd,oot",
dealers-modicare,OOV,"dealers,-,mod,##ica,##re","deal,ers,-mod,icare",
dealers-moroccanoil,OOV,"dealers,-,moroccan,##oi,##l","deal,ers,-m,or,oc,cano,il",moroccanoil
dealers-myglam,OOV,"dealers,-,my,##gl,##am","deal,ers,-my,gl,am",myglam
dealers-nars,OOV,"dealers,-,na,##rs","deal,ers,-n,ars",
dealers-neckline,OOV,"dealers,-,neck,##line","deal,ers,-neck,line",neckline
dealers-neha,OOV,"dealers,-,ne,##ha","deal,ers,-ne,ha",
dealers-neutrogena,OOV,"dealers,-,ne,##ut,##rogen,##a","deal,ers,-ne,ut,rogen,a",neutrogena
dealers-nibr,OOV,"dealers,-,ni,##br","deal,ers,-n,ibr",
dealers-nikhar,OOV,"dealers,-,nik,##har","deal,ers,-n,ik,har",nikhar
dealers-nish,OOV,"dealers,-,ni,##sh","deal,ers,-n,ish",
dealers-nutrilite,OOV,"dealers,-,nut,##ril,##ite","deal,ers,-n,ut,ril,ite",nutrilite
dealers-nykaa,OOV,"dealers,-,ny,##ka,##a","deal,ers,-,ny,ka,a",nykaa
dealers-olay,OOV,"dealers,-,ol,##ay","deal,ers,-,ol,ay",olay
dealers-olifair,OOV,"dealers,-,ol,##if,##air","deal,ers,-,ol,if,air",dealers-olifair
dealers-onida,OOV,"dealers,-,on,##ida","deal,ers,-on,ida",onida
dealers-only,OOV,"dealers,-,only","deal,ers,-only",
dealers-organic,OOV,"dealers,-,organic","deal,ers,-,organic",
dealers-oriflame,OOV,"dealers,-,or,##if,##lam,##e","deal,ers,-or,if,l,ame",oriflame
dealers-patanjali,OOV,"dealers,-,pat,##an,##jali","deal,ers,-p,atan,j,ali",patanjali
dealers-philips,OOV,"dealers,-,philips","deal,ers,-,phil,ips",
dealers-picasso,OOV,"dealers,-,picasso","deal,ers,-pic,asso",picasso
dealers-pilot,OOV,"dealers,-,pilot","deal,ers,-p,ilot",pilot
dealers-pjk,OOV,"dealers,-,p,##jk","deal,ers,-p,jk",
dealers-polar,OOV,"dealers,-,polar","deal,ers,-p,olar",polar
dealers-pond's,OOV,"dealers,-,pond,',s","deal,ers,-,pond,'s",pond's
dealers-prem,OOV,"dealers,-,prem","deal,ers,-pre,m",prem
dealers-prestige,OOV,"dealers,-,prestige","deal,ers,-pre,st,ige",prestige
dealers-proactiv,OOV,"dealers,-,pro,##act,##iv","deal,ers,-pro,activ",proactiv
dealers-professional,OOV,"dealers,-,professional","deal,ers,-prof,essional",
dealers-raaga,OOV,"dealers,-,ra,##aga","deal,ers,-ra,aga",raaga
dealers-rainbow,OOV,"dealers,-,rainbow","deal,ers,-r,ain,bow",
dealers-revlon,OOV,"dealers,-,rev,##lon","deal,ers,-re,v,lon",revlon
dealers-ridhi,OOV,"dealers,-,rid,##hi","deal,ers,-,rid,hi",
dealers-ritzkart,OOV,"dealers,-,ri,##tz,##kar,##t","deal,ers,-,rit,zk,art",
dealers-rubans,OOV,"dealers,-,rub,##ans","deal,ers,-r,ub,ans",
dealers-salon,OOV,"dealers,-,salon","deal,ers,-s,alon",
dealers-salonlabs,OOV,"dealers,-,salon,##lab,##s","deal,ers,-s,alon,labs",salonlabs
dealers-samsung,OOV,"dealers,-,samsung","deal,ers,-s,amsung",
dealers-sanjeevani,OOV,"dealers,-,san,##jee,##vani","deal,ers,-san,jee,v,ani",sanjeevani
dealers-sephora,OOV,"dealers,-,sep,##hora","deal,ers,-se,ph,ora",
dealers-shahnaz,OOV,"dealers,-,shah,##na,##z","deal,ers,-sh,ahn,az",
dealers-shama,OOV,"dealers,-,sham,##a","deal,ers,-sh,ama",
dealers-sharon,OOV,"dealers,-,sharon","deal,ers,-sh,aron",
dealers-soondar,OOV,"dealers,-,soon,##dar","deal,ers,-so,ond,ar",
dealers-soul,OOV,"dealers,-,soul","deal,ers,-s,oul",
dealers-swati,OOV,"dealers,-,swat,##i","deal,ers,-sw,ati",
dealers-tally,OOV,"dealers,-,tally","deal,ers,-t,ally",
dealers-thalgo,OOV,"dealers,-,tha,##l,##go","deal,ers,-th,algo",thalgo
dealers-the,OOV,"dealers,-,the","deal,ers,-the",
dealers-tigi,OOV,"dealers,-,ti,##gi","deal,ers,-t,igi",
dealers-tips,OOV,"dealers,-,tips","deal,ers,-t,ips",
dealers-trichup,OOV,"dealers,-,tri,##chu,##p","deal,ers,-tr,ich,up",trichup
dealers-tvam,OOV,"dealers,-,tv,##am","deal,ers,-t,v,am",
dealers-ultra,OOV,"dealers,-,ultra","deal,ers,-ul,tra",ultra
dealers-vagad's,OOV,"dealers,-,va,##ga,##d,',s","deal,ers,-v,ag,ad,'s",vagad's
dealers-vcare,OOV,"dealers,-,vc,##are","deal,ers,-,vc,are",
dealers-vega,OOV,"dealers,-,vega","deal,ers,-,ve,ga",dealers-vega
dealers-vi,OOV,"dealers,-,vi","deal,ers,-v,i",
dealers-videocon,OOV,"dealers,-,video,##con","deal,ers,-video,con",videocon
dealers-vlcc,OOV,"dealers,-,v,##lc,##c","deal,ers,-v,l,cc",vlcc
dealers-voltas,OOV,"dealers,-,volta,##s","deal,ers,-v,olt,as",voltas
dealers-wanna,OOV,"dealers,-,wanna","deal,ers,-w,anna",
dealers-wella,OOV,"dealers,-,well,##a","deal,ers,-w,ella",wella
dealers-whirlpool,OOV,"dealers,-,w,##hir,##lp,##ool","deal,ers,-wh,irl,pool",whirlpool
dealers-wigy,OOV,"dealers,-,wig,##y","deal,ers,-w,igy",wigy
dealers-xcoser,OOV,"dealers,-,x,##cos,##er","deal,ers,-x,cos,er",xcoser
dealers-yukay,OOV,"dealers,-,yu,##ka,##y","deal,ers,-y,uk,ay",
dealers-zeba,OOV,"dealers,-,ze,##ba","deal,ers,-,ze,ba",
decorators,Present,"decor,##ators",decorators,decorators
dentists,OOV,"dentist,##s","dent,ists",
deodorant,OOV,"de,##od,##oran,##t","de,odor,ant",deodorant
dermal,OOV,"der,##mal","der,mal",dermal
dermalogica,OOV,"der,##mal,##og,##ica","der,mal,og,ica",dermalogica
dermaroller,OOV,"der,##mar,##oll,##er","der,mar,oller",dermaroller
dermatologists,OOV,"der,##mat,##ologists","der,mat,ologists",dermatologists
dermatology,OOV,"der,##mat,##ology","der,mat,ology",dermatology
dermatopathologist,OOV,"der,##mat,##opa,##th,##ologist","der,mat,opath,ologist",dermatopathologist
dermatosurgeons,OOV,"der,##mat,##os,##urg,##eon,##s","der,mat,os,urge,ons",dermatosurgeons
dermatovenereologists,OOV,"der,##mat,##oven,##ere,##ologists","der,mat,oven,ere,ologists",dermatovenereologists
detangling,OOV,"det,##ang,##ling","det,angling",detangling
detox,OOV,"det,##ox","det,ox",detox
detoxification,OOV,"det,##ox,##ification","det,ox,ification",detoxification
detoxifying,OOV,"det,##ox,##ifying","det,ox,ifying",detoxifying
dhoti,OOV,"dh,##ot,##i","d,hot,i",dhoti
diabetic,OOV,"dia,##bet,##ic","di,abetic",diabetic
diabetologist,OOV,"dia,##bet,##ologist","di,abet,ologist",diabetologist
dietetics,OOV,"diet,##etic,##s","diet,etics",dietetics
dietitians,OOV,"diet,##itia,##ns","diet,it,ians",dietitians
digestive,OOV,"digest,##ive","digest,ive",digestive
dimple,OOV,"dim,##ple","d,imple",dimple
diode,OOV,"di,##ode","di,ode",diode
dispenser,OOV,"di,##sp,##ense,##r","disp,enser",dispenser
disposable,OOV,"di,##sp,##osa,##ble","dis,posable",disposable
distributors-amway,OOV,"distributors,-,am,##way","d,istrib,utors,-am,way",amway
distributors-babor,OOV,"distributors,-,ba,##bor","d,istrib,utors,-b,abor",babor
distributors-bodycraft,OOV,"distributors,-,body,##craft","d,istrib,utors,-body,craft",
distributors-loreal,OOV,"distributors,-,lore,##al","d,istrib,utors,-lo,real",loreal
distributors-oligodermie,OOV,"distributors,-,ol,##igo,##der,##mie","d,istrib,utors,-,ol,ig,od,erm,ie",oligodermie
distributors-oriflame,OOV,"distributors,-,or,##if,##lam,##e","d,istrib,utors,-or,if,l,ame",oriflame
distributors-phytomer,OOV,"distributors,-,ph,##yt,##ome,##r","d,istrib,utors,-,phy,t,omer",
distributors-remy,OOV,"distributors,-,remy","d,istrib,utors,-,rem,y",
diwali,OOV,"di,##wal,##i","di,w,ali",diwali
doli,OOV,"do,##li","d,oli",doli
dosh,OOV,"dos,##h","d,osh",
dosha,OOV,"dos,##ha","dos,ha",dosha
drapers,OOV,"draper,##s","dr,apers",drapers
draping,OOV,"dr,##ap,##ing","dr,aping",draping
drapping,OOV,"dr,##app,##ing","dr,apping",
dreadlock,OOV,"dread,##lock","d,read,lock",dreadlock
dryer,OOV,"dry,##er","dry,er",dryer
dryness,OOV,"dry,##ness","dry,ness",dryness
dtp,OOV,"dt,##p","d,tp",
dulhan,OOV,"du,##l,##han","d,ul,han",dulhan
dyeing,OOV,"dye,##ing","d,ye,ing",dyeing
earring,OOV,"ear,##ring","ear,ring",earring
eczema,OOV,"ec,##ze,##ma","ecz,ema",eczema
elastin,OOV,"el,##ast,##in","el,ast,in",elastin
electrocauterization,OOV,"electro,##ca,##uter,##ization","elect,ro,ca,uter,ization",electrocauterization
electrocautery,OOV,"electro,##ca,##uter,##y","elect,ro,ca,ut,ery",electrocautery
electrolysis,OOV,"electro,##lysis","elect,ro,ly,sis",electrolysis
embossed,OOV,"em,##bos,##sed","emb,ossed",embossed
employers),OOV,"employers,)","employ,ers,)",
endocrinologists,OOV,"end,##oc,##rino,##logists","end,ocrin,ologists",endocrinologists
energising,OOV,"en,##er,##gis,##ing","ener,g,ising",energising
enhancer,OOV,"enhance,##r","enh,ancer",enhancer
enlargement,OOV,"en,##lar,##gement","en,larg,ement",enlargement
enrich,OOV,"en,##rich","en,rich",enrich
ent,Present,"en,##t",ent,
eqpts,OOV,"e,##q,##pts","eq,pts",
equipments,OOV,"equipment,##s","equip,ments",equipments
eraser,OOV,"erase,##r","eras,er",eraser
erp,Present,"er,##p",erp,
essensuals,OOV,"essen,##su,##als","ess,ensual,s",
excotic,OOV,"ex,##cot,##ic","exc,otic",excotic
exfoliation,OOV,"ex,##folia,##tion","ex,fol,iation",exfoliation
exporters,OOV,"export,##ers","export,ers",exporters
exporters-arctic,OOV,"export,##ers,-,arctic","export,ers,-ar,ctic",
exporters-streax,OOV,"export,##ers,-,st,##rea,##x","export,ers,-st,re,ax",streax
eyelash,OOV,"eye,##lash","ey,el,ash",eyelash
eyeliner,OOV,"eye,##liner","ey,el,iner",eyeliner
facelift,OOV,"face,##lift","fac,el,ift",facelift
faridabad,OOV,"far,##ida,##bad","far,id,abad",faridabad
fastener,OOV,"fast,##ener","fast,ener",fastener
fax,Present,"fa,##x",fax,fax
fidget,OOV,"fi,##dget","f,idget",fidget
filler,OOV,"fill,##er","fill,er",filler
firming,OOV,"firm,##ing","firm,ing",firming
fixer,OOV,"fix,##er","fix,er",fixer
flameless,OOV,"flame,##less","fl,ame,less",flameless
flask,OOV,"fl,##ask","fl,ask",flask
flavoured,OOV,"flavour,##ed","fl,av,oured",flavoured
florists,OOV,"fl,##oris,##ts","fl,or,ists",florists
foodstuff,OOV,"foods,##tu,##ff","food,stuff",foodstuff
fractional,OOV,"fraction,##al","fraction,al",fractional
freckle,OOV,"fr,##eck,##le","f,reck,le",freckle
fringes,OOV,"fringe,##s","fr,inges",fringes
frizz,OOV,"fr,##iz,##z","fr,izz",frizz
fue,OOV,"fu,##e","f,ue",fue
fusio,OOV,"fu,##sio","f,us,io",fusio
galvanic,OOV,"gal,##vani,##c","gal,van,ic",galvanic
ganapati,OOV,"gan,##apa,##ti","gan,ap,ati",ganapati
gangrene,OOV,"gang,##ren,##e","gang,rene",gangrene
gastroenteritis,OOV,"gas,##tro,##enter,##itis","g,astro,enter,itis",gastroenteritis
gemstone,OOV,"gems,##tone","gem,stone",gemstone
ghaziabad,OOV,"g,##ha,##zia,##bad","gh,azi,abad",ghaziabad
glam,OOV,"g,##lam","gl,am",glam
glovite,OOV,"g,##lov,##ite","g,lov,ite",glovite
glycolic,OOV,"g,##ly,##col,##ic","gly,col,ic",glycolic
goan,OOV,"goa,##n","go,an",
goji,OOV,"go,##ji","go,ji",goji
gota,Present,"got,##a",gota,gota
gout,OOV,"go,##ut","g,out",gout
gowns,OOV,"gown,##s","g,owns",gowns
graying,OOV,"gray,##ing","gray,ing",graying
grooming,OOV,"groom,##ing","g,room,ing",grooming
gst,Present,"gs,##t",gst,gst
gurgaon,OOV,"gu,##rga,##on","g,urga,on",gurgaon
guwahati,OOV,"gu,##wa,##hat,##i","gu,w,ah,ati",guwahati
gwalior,OOV,"g,##wal,##ior","g,wal,ior",gwalior
gyms,OOV,"gym,##s","gy,ms",gyms
gynaecology,OOV,"g,##yna,##ec,##ology","g,yna,ec,ology",gynaecology
habib,OOV,"ha,##bib","hab,ib",
haircut,OOV,"hair,##cut","hair,cut",haircut
hairdressing,OOV,"hair,##dre,##ssing","hair,d,ressing",hairdressing
hairstyling,OOV,"hairs,##ty,##ling","ha,irst,yling",hairstyling
hairwash,OOV,"hair,##wash","hair,wash",hairwash
haldi,OOV,"hal,##di","h,aldi",haldi
handicraft,OOV,"hand,##ic,##raf,##t","hand,ic,raft",handicraft
handmade,OOV,"hand,##made","hand,made",handmade
harsha,OOV,"harsh,##a","har,sha",
hasli,OOV,"has,##li","has,li",hasli
hatha,OOV,"hat,##ha","h,atha",hatha
havan,OOV,"ha,##van","h,avan",havan
"head,",OOV,"head,,","head,,",
henna,OOV,"hen,##na","h,enna",henna
hifu,OOV,"hi,##fu","h,ifu",hifu
highlighter,OOV,"highlight,##er","highlight,er",highlighter
himachal,OOV,"him,##achal","him,ach,al",himachal
hina,OOV,"hi,##na","h,ina",hina
hoarding,OOV,"ho,##arding","ho,arding",hoarding
holi,OOV,"ho,##li","hol,i",holi
holistic,OOV,"ho,##listic","hol,istic",holistic
homa,OOV,"ho,##ma","h,oma",
homeopathic,OOV,"home,##opa,##thic","home,opathic",homeopathic
husain,OOV,"hu,##sai,##n","hus,ain",
hydrafacial,OOV,"hydra,##fa,##cial","hy,d,raf,acial",hydrafacial
hydrating,OOV,"hydra,##ting","hydr,ating",hydrating
hydration,Present,"hydra,##tion",hydration,hydration
hydrocele,OOV,"hydro,##cel,##e","hydro,cele",hydrocele
hydrolifting,OOV,"hydro,##lifting","hy,d,rol,ifting",hydrolifting
hydrophyllic,OOV,"hydro,##phy,##lli,##c","hydro,phyl,lic",hydrophyllic
hypnotherapists,OOV,"h,##yp,##not,##her,##ap,##ists","hyp,n,other,ap,ists",hypnotherapists
ielts,OOV,"ie,##lts","iel,ts",ielts
illuminator,OOV,"ill,##umi,##nator","ill,umin,ator",illuminator
implantologist,OOV,"implant,##ologist","impl,ant,ologist",implantologist
importers,OOV,"import,##ers","import,ers",importers
importers-bblunt,OOV,"import,##ers,-,bb,##lun,##t","import,ers,-b,bl,unt",
importers-berina,OOV,"import,##ers,-,be,##rina","import,ers,-,ber,ina",
importers-godrej,OOV,"import,##ers,-,god,##re,##j","import,ers,-g,od,rej",godrej
importers-salon,OOV,"import,##ers,-,salon","import,ers,-s,alon",
importers-tips,OOV,"import,##ers,-,tips","import,ers,-t,ips",
india),OOV,"india,)","ind,ia,)",
indore,OOV,"indo,##re","ind,ore",indore
infertility,OOV,"in,##fer,##tility","inf,ertility",infertility
infusion,OOV,"in,##fusion","inf,usion",infusion
injectable,OOV,"in,##ject,##able","inject,able",injectable
inkjet,OOV,"ink,##jet","ink,jet",inkjet
insomnia,OOV,"ins,##om,##nia","ins,omnia",insomnia
institutes-ccns,OOV,"institutes,-,cc,##ns","in,stit,utes,-,cc,ns",
institutes-lakme,OOV,"institutes,-,la,##km,##e","in,stit,utes,-l,ak,me",institutes-lakme
institutes-shahnaz,OOV,"institutes,-,shah,##na,##z","in,stit,utes,-sh,ahn,az",
insulated,OOV,"ins,##ulated","ins,ulated",insulated
ironing,OOV,"iron,##ing","iron,ing",ironing
jaap,OOV,"ja,##ap","ja,ap",jaap
jacuzzi,OOV,"ja,##cu,##zzi","jac,uzzi",jacuzzi
jamshedpur,OOV,"jam,##shed,##pur","jam,shed,pur",jamshedpur
jawed,OOV,"jaw,##ed","jaw,ed",
jawline,OOV,"jaw,##line","jaw,line",jawline
jcb,OOV,"jc,##b","j,cb",jcb
jnvst,OOV,"j,##n,##vs,##t","j,nv,st",
jute,OOV,"ju,##te","j,ute",jute
juvederm,OOV,"ju,##ved,##er,##m","ju,ved,erm",juvederm
kajal,OOV,"ka,##jal","k,aj,al",kajal
kalari,OOV,"kala,##ri","kal,ari",kalari
kalash,OOV,"kala,##sh","kal,ash",kalash
kalyana,OOV,"ka,##ly,##ana","k,aly,ana",kalyana
kanjivaram,OOV,"kan,##ji,##vara,##m","kan,j,iv,aram",kanjivaram
kanpur,OOV,"kan,##pur","kan,pur",kanpur
karnal,OOV,"ka,##rna,##l","k,arn,al",
kathak,OOV,"kat,##hak","k,ath,ak",kathak
kerastase,OOV,"ke,##ras,##tase","ker,ast,ase",kerastase
keratin,OOV,"ke,##rat,##in","ker,atin",keratin
ketu,OOV,"ke,##tu","ket,u",ketu
khadi,OOV,"k,##had,##i","kh,adi",khadi
kimera,OOV,"kim,##era","kim,era",kimera
kolhapur,OOV,"ko,##l,##ha,##pur","kol,hap,ur",kolhapur
kuchipudi,OOV,"ku,##chi,##pu,##di","k,uch,ip,udi",kuchipudi
kundan,OOV,"kun,##dan","k,undan",kundan
kurti,OOV,"kurt,##i","k,urt,i",kurti
lactic,OOV,"lac,##tic","l,actic",lactic
lakme,OOV,"la,##km,##e","lak,me",lakme
laure,OOV,"lau,##re","la,ure",
lawns,OOV,"lawn,##s","law,ns",
legging,OOV,"leg,##ging","leg,ging",legging
lehenga,OOV,"le,##hen,##ga","leh,enga",lehenga
leucoderma,OOV,"le,##uc,##oder,##ma","le,uc,oder,ma",leucoderma
leucorrhoea,OOV,"le,##uc,##or,##rh,##oe,##a","le,uc,orrh,oe,a",leucorrhoea
lice,Present,"li,##ce",lice,lice
lightening,OOV,"light,##ening","light,ening",lightening
limelite,OOV,"lime,##lite","lim,elite",limelite
lipidium,OOV,"lip,##idium","lip,id,ium",lipidium
lipoplasty,OOV,"lip,##op,##las,##ty","lip,oplast,y",lipoplasty
liposelection,OOV,"lip,##ose,##le,##ction","lip,ose,lection",liposelection
liposoluble,OOV,"lip,##oso,##lub,##le","lip,os,ol,uble",liposoluble
liposuction,OOV,"lip,##os,##uc,##tion","lip,os,uction",liposuction
lomi,OOV,"lo,##mi","l,omi",lomi
lonos,OOV,"lo,##nos","lon,os",lonos
loofah,OOV,"lo,##of,##ah","lo,of,ah",loofah
loreal,OOV,"lore,##al","lo,real",loreal
lotion,OOV,"lot,##ion","l,otion",lotion
ludhiana,OOV,"lu,##dhi,##ana","l,ud,h,iana",ludhiana
lulur,OOV,"lulu,##r","l,ulur",lulur
lycra,OOV,"l,##y,##cr,##a","ly,c,ra",lycra
lymphatic,OOV,"l,##ym,##pha,##tic","ly,mph,atic",lymphatic
macros,Present,"macro,##s",macros,
madurai,OOV,"mad,##urai","mad,urai",madurai
mahamrutyunjay,OOV,"maha,##m,##rut,##yu,##n,##ja,##y","mah,am,r,uty,unj,ay",
maharashtrian,OOV,"maha,##ras,##ht,##rian","mah,ar,ash,tr,ian",maharashtrian
makeover,OOV,"make,##over","make,over",makeover
mandap,OOV,"man,##da,##p","mand,ap",mandap
mandapams,OOV,"man,##da,##pa,##ms","mand,ap,ams",mandapams
mangal,OOV,"manga,##l","m,ang,al",mangal
manicure,OOV,"mani,##cure","man,ic,ure",manicure
manufacturers-bodycraft,OOV,"manufacturers,-,body,##craft","manufact,urers,-body,craft",manufacturers-bodycraft
massager,OOV,"massage,##r","mass,ager",massager
masssage,OOV,"mass,##sa,##ge","mass,sage",masssage
matrimonial,OOV,"mat,##rim,##onia,##l","mat,rimon,ial",matrimonial
maxillo,OOV,"maxi,##llo","max,illo",maxillo
maxillofacial,OOV,"maxi,##llo,##fa,##cial","max,illo,fac,ial",maxillofacial
meerut,OOV,"me,##er,##ut","meer,ut",meerut
mehandi,OOV,"me,##hand,##i","m,eh,andi",mehandi
mehendi,OOV,"me,##hend,##i","m,eh,endi",mehendi
mehndi,OOV,"me,##hn,##di","m,eh,nd,i",mehndi
melasma,OOV,"mel,##as,##ma","mel,asma",melasma
mesotherapy,OOV,"me,##so,##therapy","mes,otherapy",mesotherapy
microblading,OOV,"micro,##bla,##ding","micro,bl,ading",microblading
microdermabrasion,OOV,"micro,##der,##ma,##bra,##sion","micro,der,m,abras,ion",microdermabrasion
microlysis,OOV,"micro,##lysis","micro,ly,sis",
microneedling,OOV,"micro,##nee,##dling","mic,rone,ed,ling",microneedling
midriff,OOV,"mid,##ri,##ff","mid,r,iff",midriff
migraine,OOV,"mig,##raine","m,igr,aine",migraine
minakari,OOV,"mina,##kari","min,ak,ari",minakari
minto,OOV,"mint,##o","m,into",
miraj,OOV,"mira,##j","mir,aj",miraj
mohiniyattam,OOV,"mo,##hini,##yat,##tam","m,oh,ini,y,att,am",mohiniyattam
moisturiser,OOV,"moist,##uri,##ser","mo,ist,ur,iser",moisturiser
moisturising,OOV,"moist,##uri,##sing","mo,ist,ur,ising",moisturising
monofilament,OOV,"mono,##fi,##lam,##ent","mon,ofil,ament",monofilament
monofiliment,OOV,"mono,##fi,##lim,##ent","mon,ofil,iment",
mousse,OOV,"mo,##uss,##e","m,ousse",mousse
moustache,OOV,"mo,##ust,##ache","m,oust,ache",moustache
movers,OOV,"move,##rs","m,overs",
mrityunjaya,OOV,"mri,##ty,##un,##ja,##ya","mr,ity,unj,aya",mrityunjaya
n+,OOV,"n,+","n,+",
nagpur,OOV,"na,##gpur","n,ag,pur",nagpur
nailbox,OOV,"nail,##box","n,ail,box",nailbox
namkaran,OOV,"nam,##kara,##n","nam,k,aran",namkaran
nanokeratin,OOV,"nano,##ker,##atin","nan,oker,atin",nanokeratin
nanoplastia,OOV,"nano,##pl,##ast,##ia","nan,oplast,ia",nanoplastia
nashik,OOV,"nash,##ik","n,ash,ik",nashik
naturals,OOV,"natural,##s","n,atur,als",
naturopathy,OOV,"nat,##uro,##pathy","nat,u,rop,athy",naturopathy
navagraha,OOV,"na,##va,##gra,##ha","nav,agra,ha",navagraha
navel,OOV,"nave,##l","nav,el",navel
navgrah,OOV,"na,##v,##gra,##h","nav,gr,ah",navgrah
navratri,OOV,"na,##vr,##at,##ri","nav,r,atri",navratri
ncert,OOV,"nc,##ert","nc,ert",ncert
needling,OOV,"need,##ling","need,ling",needling
neem,OOV,"nee,##m","ne,em",neem
neet,OOV,"nee,##t","ne,et",neet
nielit,OOV,"ni,##eli,##t","ni,el,it",nielit
nikhar,OOV,"nik,##har","nik,har",nikhar
nipper,OOV,"ni,##pper","nip,per",nipper
noida,OOV,"no,##ida","n,oid,a",noida
notepad,OOV,"note,##pad","not,epad",notepad
nupur,OOV,"nu,##pur","n,up,ur",nupur
nutri,OOV,"nut,##ri","nut,ri",nutri
nutritionists,OOV,"nutrition,##ists","nutrition,ists",nutritionists
o2,OOV,"o,##2","o,2",o2
o3+,OOV,"o,##3,+","o,3,+",o3+
oily,OOV,"oil,##y","o,ily",oily
ointment,Present,"o,##int,##ment",ointment,ointment
olaplex,OOV,"ol,##ap,##le,##x","ol,ap,lex",olaplex
ombre,Present,"om,##bre",ombre,ombre
ophthalmologists,OOV,"op,##ht,##hal,##mo,##logists","oph,thalm,ologists",ophthalmologists
organique,OOV,"organ,##ique","organ,ique",
organisers,OOV,"organise,##rs","organ,isers",organisers
orissa,OOV,"or,##issa","or,issa",orissa
oryza,OOV,"or,##y,##za","ory,za",oryza
osteoarthritis,OOV,"os,##te,##oa,##rth,##rit,##is","ost,eo,ar,thritis",osteoarthritis
oxyblast,OOV,"ox,##y,##bla,##st","oxy,blast",oxyblast
paediatrician,OOV,"pa,##ed,##ia,##tric,##ian","pa,ed,iatric,ian",paediatrician
pampering,OOV,"pam,##per,##ing","p,am,pering",pampering
panache,OOV,"pan,##ache","pan,ache",panache
pandal,OOV,"panda,##l","p,andal",pandal
pandits,OOV,"pandit,##s","p,and,its",pandits
paraffin,OOV,"para,##ffin","par,aff,in",paraffin
paramedical,OOV,"para,##med,##ical","param,ed,ical",paramedical
parlour,OOV,"par,##lou,##r","par,l,our",parlour
parlours,OOV,"par,##lou,##rs","par,l,ours",parlours
parlours-shahnaz,OOV,"par,##lou,##rs,-,shah,##na,##z","par,l,ours,-sh,ahn,az",
parsi,OOV,"par,##si","p,arsi",parsi
patching,OOV,"patch,##ing","patch,ing",patching
pcb,Present,"pc,##b",pcb,
pedicure,OOV,"pe,##dic,##ure","ped,ic,ure",pedicure
peels,OOV,"peel,##s","pe,els",peels
peptic,OOV,"pep,##tic","pe,ptic",peptic
periodontist,OOV,"period,##ont,##ist","period,ont,ist",periodontist
perming,OOV,"per,##ming","per,ming",perming
photofacial,OOV,"photo,##fa,##cial","phot,of,acial",photofacial
photoshoot,OOV,"photos,##hoot","photos,hoot",photoshoot
photoshop,OOV,"photos,##hop","photos,hop",photoshop
physiotherapists,OOV,"ph,##ys,##iot,##her,##ap,##ists","phys,io,ther,ap,ists",physiotherapists
pigmentation,OOV,"pigment,##ation","pig,mentation",pigmentation
pilates,OOV,"pi,##lates","p,il,ates",pilates
pimple,OOV,"pi,##mple","p,imple",pimple
pimples,OOV,"pi,##mple,##s","p,imp,les",pimples
pind,OOV,"pin,##d","p,ind",pind
plated,OOV,"plate,##d","pl,ated",plated
platelet,OOV,"plate,##let","plate,let",platelet
polishing,OOV,"polish,##ing","pol,ishing",polishing
polki,OOV,"polk,##i","pol,ki",polki
pondicherry,OOV,"pond,##iche,##rry","pond,ich,erry",pondicherry
popper,OOV,"pop,##per","pop,per",popper
pore,OOV,"por,##e","p,ore",pore
powerlifting,OOV,"power,##lifting","power,lifting",powerlifting
pratishta,OOV,"pr,##ati,##sh,##ta","pr,atis,hta",pratishta
prenatal,OOV,"pre,##nat,##al","p,ren,atal",prenatal
primer,Present,"prime,##r",primer,primer
professionnel,OOV,"profession,##nel","profession,nel",
profibre,OOV,"prof,##ib,##re","prof,ibre",profibre
prosthetic,OOV,"pro,##st,##hetic","pro,st,hetic",prosthetic
protine,OOV,"pro,##tine","prot,ine",protine
prp,OOV,"pr,##p","pr,p",prp
psoriasis,OOV,"ps,##oria,##sis","ps,oriasis",psoriasis
psychiatrists,OOV,"psychiatrist,##s","psych,iat,rists",psychiatrists
puberty,OOV,"pub,##erty","pub,erty",puberty
puc,OOV,"pu,##c","p,uc",
puffiness,OOV,"puff,##iness","p,uff,iness",puffiness
puja,OOV,"pu,##ja","pu,ja",puja
punyahavachanam,OOV,"pun,##yah,##ava,##chan,##am","pun,yah,av,ach,an,am",punyahavachanam
pusher,OOV,"push,##er","push,er",pusher
qod,OOV,"q,##od","q,od",
quilling,OOV,"qui,##lling","qu,illing",quilling
radiance,OOV,"ra,##dian,##ce","radi,ance",radiance
radiologist,OOV,"radio,##logist","radi,ologist",radiologist
rahu,OOV,"ra,##hu","ra,hu",rahu
raipur,OOV,"rai,##pur","ra,ipur",raipur
rajasthani,OOV,"rajasthan,##i","raj,ast,hani",rajasthani
ranchi,OOV,"ranch,##i","r,anch,i",ranchi
rangoli,OOV,"rang,##oli","rang,oli",rangoli
readymade,OOV,"ready,##made","read,ym,ade",readymade
reaffirming,OOV,"re,##af,##firm,##ing","re,aff,irm,ing",reaffirming
rebonding,OOV,"re,##bon,##ding","reb,ond,ing",rebonding
reconstructive,OOV,"rec,##ons,##truct,##ive","re,construct,ive",reconstructive
refill,OOV,"ref,##ill","ref,ill",refill
reflexo,OOV,"reflex,##o","ref,lex,o",reflexo
reflexology,OOV,"reflex,##ology","ref,lex,ology",reflexology
regrowth,OOV,"reg,##row,##th","reg,rowth",regrowth
rejuvenating,OOV,"re,##ju,##ven,##ating","re,juven,ating",rejuvenating
rejuvenation,OOV,"re,##ju,##ven,##ation","re,juven,ation",rejuvenation
remover,OOV,"remove,##r","rem,over",remover
repeater,OOV,"repeat,##er","re,peater",repeater
resurfacing,OOV,"res,##ur,##fa,##cing","res,urf,acing",resurfacing
resurfing,OOV,"res,##ur,##fin,##g","res,urf,ing",
retailers-amway,OOV,"retailers,-,am,##way","ret,ail,ers,-am,way",amway
retailers-herbalife,OOV,"retailers,-,herbal,##ife","ret,ail,ers,-,her,bal,ife",herbalife
retailers-himalaya,OOV,"retailers,-,him,##ala,##ya","ret,ail,ers,-h,imal,aya",himalaya
retailers-neeru's,OOV,"retailers,-,nee,##ru,',s","ret,ail,ers,-ne,eru,'s",
retailers-patanjali,OOV,"retailers,-,pat,##an,##jali","ret,ail,ers,-p,atan,j,ali",patanjali
retractable,OOV,"re,##tra,##ctable","re,tract,able",retractable
revitalizing,OOV,"rev,##ital,##izing","rev,ital,izing",revitalizing
rheumatologist,OOV,"r,##he,##uma,##to,##logist","r,he,umat,ologist",rheumatologist
rhinoplasty,OOV,"rhino,##pl,##ast,##y","rh,in,oplast,y",rhinoplasty
rhythmical,OOV,"rhythmic,##al","r,hythm,ical",rhythmical
rickshaw,OOV,"rick,##shaw","rick,shaw",rickshaw
rollerball,OOV,"roller,##ball","roller,ball",rollerball
rudrabhishek,OOV,"ru,##dra,##bh,##ish,##ek","rud,rab,his,hek",rudrabhishek
rudraksha,OOV,"ru,##dra,##ksha","rud,rak,sha",rudraksha
ruthu,OOV,"ruth,##u","r,uth,u",
salicylic,OOV,"sal,##ic,##yl,##ic","sal,icy,lic",salicylic
salons,OOV,"salon,##s","sal,ons",salons
sandhya,OOV,"sand,##hya","sand,hya",sandhya
sangeet,OOV,"sang,##eet","s,ange,et",sangeet
saree,OOV,"sar,##ee","s,are,e",saree
satna,OOV,"sat,##na","sat,na",
satyanarayana,OOV,"sat,##yana,##raya,##na","sat,yan,ar,ay,ana",satyanarayana
sauna,OOV,"sa,##una","sa,una",sauna
scissor,OOV,"sci,##sso,##r","sc,issor",scissor
scrapbook,OOV,"scrap,##book","sc,rap,book",scrapbook
scrubbing,OOV,"scrub,##bing","scr,ub,bing",scrubbing
sculpt,OOV,"sc,##ul,##pt","sc,ulpt",sculpt
sculpting,OOV,"sc,##ul,##pt,##ing","sc,ulpt,ing",sculpting
seashell,OOV,"seas,##hell","se,ash,ell",seashell
seaweed,OOV,"sea,##weed","se,aw,eed",seaweed
sebum,OOV,"se,##bu,##m","se,bum",sebum
secretarial,OOV,"secret,##aria,##l","secret,arial",secretarial
seemantham,OOV,"seem,##ant,##ham","se,eman,th,am",seemantham
seitai,OOV,"se,##ita,##i","se,it,ai",seitai
sephora,OOV,"sep,##hora","se,ph,ora",sephora
serioxyl,OOV,"ser,##io,##xy,##l","ser,iox,yl",serioxyl
servcies,OOV,"ser,##vc,##ies","serv,cies",servcies
services-pioneer,OOV,"services,-,pioneer","services,-p,ioneer",
services-sony,OOV,"services,-,sony","services,-,son,y",
sevices,OOV,"se,##vic,##es","se,v,ices",sevices
sfx,OOV,"sf,##x","s,fx",sfx
shaakya,OOV,"sha,##ak,##ya","sha,ak,ya",shaakya
shamiana,OOV,"sham,##iana","sh,am,iana",shamiana
shampoo,OOV,"sham,##poo","sh,ampoo",shampoo
shani,OOV,"shan,##i","sh,ani",shani
shanti,OOV,"shan,##ti","sh,anti",shanti
sharpener,OOV,"sharpe,##ner","sharp,ener",sharpener
shaver,OOV,"shave,##r","sh,aver",shaver
shaving,OOV,"sha,##ving","sh,aving",shaving
shiatsu,OOV,"shia,##tsu","shi,atsu",shiatsu
showroom,OOV,"show,##room","show,room",showroom
showrooms,OOV,"show,##rooms","show,rooms",showrooms
sidelocks,OOV,"side,##lock,##s","sid,el,ocks",sidelocks
sinusitis,OOV,"sin,##us,##itis","sin,us,itis",sinusitis
sipper,OOV,"sip,##per","sip,per",sipper
sitara,OOV,"sit,##ara","sit,ara",sitara
slimming,OOV,"slim,##ming","sl,imming",slimming
smoothening,OOV,"smooth,##ening","sm,oo,then,ing",smoothening
songhai,OOV,"song,##hai","song,hai",songhai
spas,OOV,"spa,##s","sp,as",spas
spatula,OOV,"spat,##ula","sp,at,ula",spatula
spinner,Present,"spin,##ner",spinner,spinner
spondylitis,OOV,"sp,##ond,##yl,##itis","s,pond,yl,itis",spondylitis
spondylosis,OOV,"sp,##ond,##yl,##osis","s,pond,y,los,is",spondylosis
sslc,OOV,"ss,##lc","ss,lc",
stationery,OOV,"station,##ery","station,ery",stationery
stencil,OOV,"ste,##nc,##il","st,encil",stencil
sticker,OOV,"stick,##er","st,icker",sticker
stockists,OOV,"stock,##ists","stock,ists",stockists
straightener,OOV,"straighten,##er","straight,ener",straightener
streaking,OOV,"streak,##ing","st,reak,ing",
strech,OOV,"st,##re,##ch","stre,ch",
stripless,OOV,"strip,##less","strip,less",stripless
studieo7,OOV,"stud,##ie,##o,##7","stud,ie,o,7",studieo7
studio11,OOV,"studio,##11","studio,11",
styler,OOV,"style,##r","sty,ler",styler
stylist,OOV,"st,##yl,##ist","sty,list",stylist
stylists,OOV,"st,##yl,##ists","sty,lists",stylists
subcision,OOV,"sub,##cision","sub,cision",subcision
sudarshana,OOV,"sud,##ars,##hana","s,ud,ar,sh,ana",sudarshana
suddha,OOV,"sud,##dha","s,udd,ha",suddha
sunscreen,OOV,"suns,##creen","sun,screen",sunscreen
surat,OOV,"sur,##at","sur,at",surat
swine,OOV,"sw,##ine","sw,ine",swine
tailoring,OOV,"tailor,##ing","tail,oring",tailoring
tailors,OOV,"tailor,##s","tail,ors",tailors
tamilnadu,OOV,"tamil,##nad,##u","t,amil,nad,u",tamilnadu
tanning,OOV,"tan,##ning","t,anning",tanning
terracotta,OOV,"terra,##cott,##a","ter,rac,otta",terracotta
theraphy,OOV,"the,##raphy","ther,aph,y",theraphy
therapists,OOV,"therapist,##s","ther,ap,ists",therapists
thermo,OOV,"the,##rm,##o","ther,mo",thermo
thermocole,OOV,"the,##rm,##oco,##le","ther,m,oc,ole",thermocole
thermoherb,OOV,"the,##rm,##oh,##er,##b","ther,mo,her,b",thermoherb
thermolysis,OOV,"the,##rm,##ol,##ysis","ther,mol,ysis",thermolysis
threading,OOV,"thread,##ing","thread,ing",threading
tiara,OOV,"tia,##ra","ti,ara",tiara
tinting,OOV,"tin,##ting","t,int,ing",tinting
toner,OOV,"tone,##r","ton,er",toner
tonging,OOV,"tong,##ing","t,ong,ing",tonging
toni&guy,OOV,"toni,&,guy","ton,i,&,g,uy",toni&guy
toning,OOV,"toni,##ng","ton,ing",toning
toothbrush,OOV,"tooth,##brush","to,oth,brush",toothbrush
topaz,OOV,"top,##az","top,az",topaz
toupee,OOV,"to,##up,##ee","t,ou,pee",toupee
transplantation,OOV,"transplant,##ation","trans,plant,ation",transplantation
trendz,OOV,"trend,##z","t,rend,z",trendz
trichologist,OOV,"tri,##cho,##logist","tr,ich,ologist",trichologist
trikatu,OOV,"tri,##kat,##u","tr,ik,atu",trikatu
trimmer,OOV,"trim,##mer","trim,mer",trimmer
trimming,OOV,"trim,##ming","trim,ming",trimming
trousseau,OOV,"tr,##ous,##sea,##u","tr,ousse,au",trousseau
tutorials,OOV,"tutor,##ials","t,utorials",tutorials
tutors,OOV,"tutor,##s","t,utors",tutors
ulcer,OOV,"ul,##cer","ul,cer",ulcer
ultrasonic,OOV,"ultra,##sonic","ul,tr,asonic",ultrasonic
underarm,OOV,"under,##arm","under,arm",underarm
underarms,OOV,"under,##arm,##s","under,arms",underarms
unisex,OOV,"un,##ise,##x","un,isex",unisex
upanayanam,OOV,"up,##ana,##yana,##m","up,an,ayan,am",upanayanam
updo,OOV,"up,##do","up,do",updo
upstyling,OOV,"ups,##ty,##ling","up,sty,ling",upstyling
upto,OOV,"up,##to","upt,o",upto
vadodara,OOV,"va,##do,##dara","v,ad,od,ara",vadodara
vaginal,OOV,"va,##ginal","v,ag,inal",vaginal
vaginoplasty,OOV,"va,##gin,##op,##las,##ty","v,ag,in,oplast,y",vaginoplasty
vastu,OOV,"vast,##u","v,ast,u",vastu
veg,OOV,"ve,##g","ve,g",veg
vegan,OOV,"vega,##n","ve,gan",vegan
veneer,OOV,"ve,##neer","ven,eer",veneer
videographers,OOV,"video,##grapher,##s","vide,ographers",videographers
visakhapatnam,OOV,"visa,##kha,##pa,##t,##nam","vis,akh,apat,nam",visakhapatnam
vitiligo,OOV,"vi,##ti,##li,##go","vit,il,igo",vitiligo
volumizing,OOV,"vol,##umi,##zing","v,olum,izing",volumizing
vurve,OOV,"vu,##r,##ve","v,urve",
wart,Present,"war,##t",wart,wart
warts,Present,"war,##ts",warts,warts
waterproof,OOV,"water,##proof","water,proof",waterproof
waxing,OOV,"wax,##ing","w,ax,ing",waxing
weft,OOV,"we,##ft","we,ft",weft
wefting,OOV,"we,##fting","we,ft,ing",wefting
wella,OOV,"well,##a","w,ella",wella
whitening,OOV,"white,##ning","wh,it,ening",whitening
wholesalers,OOV,"wholesale,##rs","wh,oles,alers",wholesalers
wholesalers-arctic,OOV,"wholesale,##rs,-,arctic","wh,oles,alers,-ar,ctic",
wholesalers-beauty,OOV,"wholesale,##rs,-,beauty","wh,oles,alers,-be,auty",
wholesalers-bodycraft,OOV,"wholesale,##rs,-,body,##craft","wh,oles,alers,-body,craft",bodycraft
wholesalers-cheryl's,OOV,"wholesale,##rs,-,cheryl,',s","wh,oles,alers,-ch,eryl,'s",cheryl
wholesalers-garnier,OOV,"wholesale,##rs,-,ga,##rnier","wh,oles,alers,-g,arn,ier",garnier
wholesalers-glow,OOV,"wholesale,##rs,-,glow","wh,oles,alers,-g,low",
wholesalers-himalaya,OOV,"wholesale,##rs,-,him,##ala,##ya","wh,oles,alers,-h,imal,aya",himalaya
wholesalers-lakme,OOV,"wholesale,##rs,-,la,##km,##e","wh,oles,alers,-l,ak,me",
wholesalers-milton,OOV,"wholesale,##rs,-,milton","wh,oles,alers,-m,ilton",milton
wholesalers-olivia,OOV,"wholesale,##rs,-,olivia","wh,oles,alers,-,ol,ivia",olivia
wholesalers-rica,OOV,"wholesale,##rs,-,rica","wh,oles,alers,-,rica",rica
wholesalers-shahnaz,OOV,"wholesale,##rs,-,shah,##na,##z","wh,oles,alers,-sh,ahn,az",
wholesalers-vlcc,OOV,"wholesale,##rs,-,v,##lc,##c","wh,oles,alers,-v,l,cc",
wigs,OOV,"wig,##s","w,igs",wigs
wrapper,Present,"wrap,##per",wrapper,wrapper
wrinkle,OOV,"wr,##ink,##le","wr,inkle",wrinkle
wrinkling,OOV,"wr,##ink,##ling","wr,ink,ling",wrinkling
yaki,OOV,"ya,##ki","y,aki",yaki
ylg,OOV,"y,##l,##g","yl,g",ylg
zardosi,OOV,"za,##rdo,##si","z,ard,osi",zardosi
zazzle,OOV,"za,##zzle","z,azz,le",zazzle
zumba,OOV,"zu,##mba","z,umba",zumba
